{"file_name": "a02_s09_e04_v02", "skeletons": [[[-0.599418, 0.394726, 3.12975], [-0.6087, 0.480202, 3.11228], [-0.657834, 0.902967, 3.04183], [-0.677553, 1.11445, 3.02956], [-0.639548, 0.716404, 2.93233], [-0.665172, 0.558447, 3.11201], [-0.881805, 0.416165, 3.12911], [-0.929589, 0.372154, 3.15418], [-0.599555, 0.76693, 3.00275], [-0.662709, 0.499374, 2.926], [-0.854801, 0.379023, 3.06091], [-0.919201, 0.342983, 3.12034], [-0.604419, 0.36953, 3.13445], [-0.685617, -0.0146062, 3.28623], [-0.546143, -0.355161, 3.49784], [-0.591152, -0.408702, 3.40929], [-0.589586, 0.390251, 3.13003], [-0.688845, -0.0472887, 3.27618], [-0.639503, -0.403171, 3.36143], [-0.581904, -0.399555, 3.4592]]], "label": 2}